Version,Percent bug
1,21.25
2,28.47682119205298
3,19.090909090909093
4,17.954545454545453
5,14.527027027027026
6,14.539579967689823
7,14.30745814307458
8,14.011799410029498
